"constituency","winner","LD_RESULT","C_RESULT","Lab_RESULT","OTHER_RESULT"
"Aberavon","Lab",0.0685023485304858,0.202977920971607,0.464860215498945,0.262561780201985
"Aberconwy","C",0.0703245478810774,0.499323353232652,0.258227259897842,0.171027104191452
"Aberdeen North","OTHER",0.0708442769167906,0.204991993910963,-0.0241795332559323,0.747245527631203
"Aberdeen South","OTHER",0.070569715052042,0.312628754426628,0.243394770053989,0.372309025670364
"Aberdeenshire West & Kincardine","C",0.238186515081024,0.372625173679998,0.0208780796145656,0.367212496827436
"Airdrie & Shotts","OTHER",0.039495079162631,0.160796257852629,0.316966652897705,0.481644275290059
"Aldershot","C",0.112427798797967,0.59019201198721,0.159146222843741,0.137136231574106
"Aldridge-Brownhills","C",0.0578589440674262,0.604766172598343,0.199508341772551,0.136768806764704
"Altrincham & Sale West","C",0.108018665587895,0.614211361210262,0.24268112751173,0.0339911108931367
"Alyn & Deeside","C",0.0661325402591479,0.403702614764645,0.376169016872354,0.152898093306878
"Amber Valley","C",0.0539337342133754,0.52406358242487,0.323634190304231,0.0972707582605466
"Angus","OTHER",0.0515205572754571,0.374256333445857,0.0639175781299282,0.509207796351782
"Antrim East","OTHER",0.0241855005147513,0.100660472533077,-0.0241795332559323,0.898235825411128
"Antrim North","OTHER",0.0241855005147513,0.0930522942906524,-0.0241795332559323,0.905844003653552
"Antrim South","OTHER",0.0241855005147513,0.0956336480670135,-0.0241795332559323,0.903262649877191
"Arfon","OTHER",0.0509396086490435,0.215470408540069,0.278462341767357,0.454029906246555
"Argyll & Bute","OTHER",0.303390635144592,0.233317839085688,0.0797851565268483,0.382408634445896
"Arundel & South Downs","C",0.0961085842479524,0.692146717551049,0.0877952529402184,0.122851710463805
"Ashfield","Lab",0.172469581596402,0.308447789171856,0.38603793600096,0.131946958433806
"Ashford","C",0.0840230519335619,0.608812533343904,0.160230980583571,0.145835699341987
"Ashton Under Lyne","Lab",0.0484159337333134,0.305505335369147,0.473430826988685,0.171550169111878
"Aylesbury","C",0.130376518035818,0.591010510965577,0.127230632932559,0.15028460326907
"Ayr, Carrick & Cumnock","OTHER",0.0405619873273698,0.282608396509979,0.248321376548891,0.427410504816784
"Ayrshire Central","OTHER",0.0422459251415288,0.257647082505865,0.239932019901195,0.459077237654435
"Ayrshire North & Arran","OTHER",0.0408184433947008,0.232185330009405,0.255536073122504,0.470362418676414
"Banbury","C",0.0834876657333418,0.614353002759932,0.188791091485483,0.112270505224267
"Banff & Buchan","OTHER",0.0756220868962192,0.372421025105698,0.0338318191734438,0.517027334027663
"Barking","Lab",0.0372428179562605,0.247348011166009,0.552619332941415,0.16169210313934
"Barnsley Central","Lab",0.0452467696613596,0.234298297410304,0.533150882498991,0.186206315632369
"Barnsley East","Lab",0.0557819384512469,0.230232468595848,0.523085310838883,0.189802547317046
"Barrow & Furness","C",0.0511987876320245,0.489239171571405,-0.0241795332559323,0.482643839255526
"Basildon & Billericay","C",0.0622072537916872,0.611090690394853,0.21255003818592,0.113054282830564
"Basildon South & Thurrock East","C",0.0539269081869817,0.518284938488887,0.227898636638569,0.198791781888586
"Basingstoke","C",0.0980230165295226,0.569782287338952,0.252894850646396,0.0782021106881524
"Bassetlaw","Lab",0.0511894973497449,0.391073680002849,0.462034429291492,0.0946046585589382
"Bath","C",0.321003190849095,0.462353078807879,0.107607521252516,0.107938474293533
"Batley & Spen","Lab",0.0716507831075126,0.396658274497207,0.408198287223871,0.122394920374433
"Battersea","C",0.0680999838680071,0.608070204386486,0.344067218718358,-0.0213351417698268
"Beaconsfield","C",0.0980526637673894,0.716684465794388,0.0900728603260703,0.0940922753151762
"Beckenham","C",0.0934025568432557,0.657084091845494,0.170152782380402,0.078262834133873
"Bedford","C",0.0666712879556227,0.510105254881404,0.377851452292824,0.0442742700731726
"Bedfordshire Mid","C",0.0964038952787885,0.644794541392421,0.134570036155022,0.123133792376792
"Bedfordshire North East","C",0.0824415681449667,0.678949837940636,0.133425457199481,0.104085401917941
"Bedfordshire South West","C",0.0757604264464525,0.634169588493344,0.178514213820319,0.110458036442908
"Belfast East","OTHER",0.0241855005147513,0.112520529307056,-0.0241795332559323,0.886375768637149
"Belfast North","OTHER",0.0241855005147513,0.0842709451127108,-0.0241795332559323,0.914625352831494
"Belfast South","OTHER",0.0241855005147513,0.0992104938459294,-0.0241795332559323,0.899685804098275
"Belfast West","OTHER",0.0241855005147513,0.0852333272916572,-0.0241795332559323,0.913662970652547
"Bermondsey & Old Southwark","Lab",0.367546577054888,0.201939737894291,0.406475413850477,0.0229405364033671
"Berwick-Upon-Tweed","C",0.313352558872617,0.495002459349655,0.125289828246183,0.065257418734569
"Berwickshire, Roxburgh & Selkirk","C",0.211219913102418,0.444331267072084,0.0248774818972347,0.318473603131287
"Bethnal Green & Bow","Lab",0.0694390716733939,0.236753750645172,0.587773455936117,0.104935986948341
"Beverley & Holderness","C",0.079237990216139,0.565752426594192,0.225644868285537,0.128266980107155
"Bexhill & Battle","C",0.100229544123719,0.632009001543585,0.117024421976057,0.149639297559662
"Bexleyheath & Crayford","C",0.054127128075699,0.556813007605557,0.237947054817777,0.15001507470399
"Birkenhead","Lab",0.0598486928303041,0.232850548627937,0.651990505575051,0.0542125181697323
"Birmingham Edgbaston","C",0.0528586412407823,0.467192990011362,0.424274199822313,0.0545764341285661
"Birmingham Erdington","Lab",0.0520081276627158,0.392626382778493,0.432053888494731,0.122213866267084
"Birmingham Hall Green","Lab",0.140220870152978,0.261310438374625,0.574107249892476,0.0232637067829458
"Birmingham Hodge Hill","Lab",0.0881246803193274,0.198966722300264,0.659779627542333,0.0520312350410996
"Birmingham Ladywood","Lab",0.0624414310192618,0.211679342484356,0.712093993862901,0.0126874978365056
"Birmingham Northfield","C",0.0559558309356081,0.441398662312023,0.392037701382913,0.10951007057248
"Birmingham Perry Barr","Lab",0.0726828344943926,0.299224895670151,0.550153961654393,0.0768405733840873
"Birmingham Selly Oak","Lab",0.0797557747232557,0.374309360796907,0.452351574617075,0.0924855550657855
"Birmingham Yardley","Lab",0.280169559225354,0.224243242262233,0.392067945541667,0.10242151817377
"Bishop Auckland","C",0.0679286775438711,0.409209379701048,0.389819298905331,0.131944909052774
"Blackburn","Lab",0.045890539265632,0.357049871906502,0.538605984596746,0.057355869434144
"Blackley & Broughton","Lab",0.0477358346384848,0.234653570678565,0.595081083256247,0.121431776629726
"Blackpool North & Cleveleys","C",0.0482506897615718,0.528715389557155,0.335478273968702,0.0864579119155952
"Blackpool South","C",0.047092147450255,0.42225959969404,0.393504521498045,0.136045996560684
"Blaenau Gwent","Lab",0.0437543544742879,0.192183705899252,0.5559422986413,0.207021906188184
"Blaydon","Lab",0.1465150358539,0.258696795210628,0.467408503062387,0.126281931076109
"Blyth Valley","Lab",0.0830763249862939,0.301269983099243,0.438964950766844,0.175591006350643
"Bognor Regis & Littlehampton","C",0.114176161861215,0.597578526401445,0.113947642225857,0.173199934714506
"Bolsover","Lab",0.0574597402529212,0.328918429089255,0.488161936810889,0.124362159049958
"Bolton North East","C",0.0528224644405176,0.41243757702578,0.405398094695227,0.128244129041498
"Bolton South East","Lab",0.0504967687080606,0.287716935835043,0.480324307894695,0.180364252765225
"Bolton West","C",0.0642538245187025,0.490592973430129,0.36565830013228,0.0783971671219122
"Bootle","Lab",0.0458456706068845,0.164865381682519,0.720394350514443,0.0677968623991765
"Boston & Skegness","C",0.0476055148205728,0.522236749584434,0.140614301396459,0.288445699401558
"Bosworth","C",0.247226820360968,0.512381131369289,0.150394017563373,0.0889002959093934
"Bournemouth East","C",0.107885056585869,0.576385072758995,0.141970331780764,0.172661804077395
"Bournemouth West","C",0.102729057357688,0.566759633978725,0.152633240545327,0.176780333321284
"Bracknell","C",0.0992146984200371,0.641969773429028,0.14452784722103,0.113189946132929
"Bradford East","Lab",0.319505019425054,0.197346344813237,0.442226301647222,0.0398245993175105
"Bradford South","Lab",0.0532812451956023,0.346983711070158,0.410075785893004,0.18856152304426
"Bradford West","Lab",0.0532994245653842,0.237162481474091,0.471650697570576,0.236789661592973
"Braintree","C",0.0736654440344299,0.622643755008699,0.160694082081259,0.141898984078635
"Brecon & Radnorshire","C",0.30743648619125,0.494836399022977,0.123147910972246,0.0734814690165517
"Brent Central","Lab",0.107894464624294,0.287685641489646,0.597014547370025,0.00630761171905986
"Brent North","Lab",0.0740945653180441,0.419620806316884,0.518579153448385,-0.0133922598802893
"Brentford & Isleworth","C",0.0643738014475383,0.513719118768015,0.413376041672147,0.00743330331532271
"Brentwood & Ongar","C",0.112379423092164,0.672628653650777,0.100914402809736,0.112979785650347
"Bridgend","C",0.0659567219681262,0.406096915254398,0.346489363912851,0.180359264067648
"Bridgwater & Somerset West","C",0.148434770446979,0.543800395771149,0.151936689860126,0.15473040912477
"Brigg & Goole","C",0.0418420755089736,0.61456907314599,0.24783340873621,0.09465770781185
"Brighton Kemptown","C",0.0543139603213994,0.491016188568324,0.367335939308408,0.0862361770048927
"Brighton Pavilion","OTHER",0.0520770800011804,0.311939391963248,0.248408073737996,0.386477719500599
"Bristol East","C",0.082372590727462,0.39085134456741,0.368523818614753,0.157154511293399
"Bristol North West","C",0.0862258441109293,0.523745899267715,0.319860617308685,0.0690699045156943
"Bristol South","Lab",0.11104282320072,0.327711407722364,0.359459977384877,0.200688056895063
"Bristol West","Lab",0.21265290840662,0.236128679704258,0.332418305356295,0.217702371735851
"Broadland","C",0.121719829660149,0.589234308521327,0.163618315639319,0.12432981138223
"Bromley & Chislehurst","C",0.0885435089566339,0.613999080182833,0.197737591057597,0.0986220850059595
"Bromsgrove","C",0.0742572777183114,0.622753096514759,0.197927845440594,0.10396404552936
"Broxbourne","C",0.0560601745978384,0.644782851943929,0.159854883570072,0.138204355091185
"Broxtowe","C",0.063856159197386,0.536422891220495,0.347751604468619,0.0508716103165239
"Buckingham","OTHER",0.0241855005147513,0.0842709451127108,-0.0241795332559323,0.914625352831494
"Burnley","Lab",0.318730863570153,0.219479519560454,0.351984105852406,0.108707776220011
"Burton","C",0.0493417058481935,0.582004436352961,0.251150233559112,0.116405889442757
"Bury North","C",0.044791293130272,0.503682839872826,0.386875076516343,0.0635530556835833
"Bury South","C",0.0599792101409294,0.430559200963606,0.426355254417477,0.0820085996810121
"Bury St Edmunds","C",0.0845316355647167,0.620409533946738,0.152999819973707,0.140961275717863
"Caerphilly","Lab",0.0473962842200364,0.250172193778401,0.419282969536809,0.282050817667777
"Caithness, Sutherland & Easter Ross","OTHER",0.374826113631232,0.152310493465838,0.0653600443489352,0.406405613757019
"Calder Valley","C",0.0739791166220335,0.520460033848446,0.329325257465197,0.0751378572673468
"Camberwell & Peckham","Lab",0.0742233197967668,0.215959624540961,0.608352807078817,0.100366513786479
"Camborne & Redruth","C",0.148171721845527,0.486555762414533,0.225406234599653,0.138768546343311
"Cambridge","LD",0.372758143153914,0.241048478237445,0.335962623038733,0.0491330207729319
"Cambridgeshire North East","C",0.0688745696534149,0.635140006526384,0.120200536268981,0.174687152754244
"Cambridgeshire North West","C",0.0811249440499395,0.609148195521876,0.154658437284166,0.153970688347042
"Cambridgeshire South","C",0.176411694859893,0.595385667244658,0.152291054979362,0.0748138481191118
"Cambridgeshire South East","C",0.225980277512029,0.569011979630238,0.127284184688477,0.0766258233722798
"Cannock Chase","C",0.0511499795907402,0.526127460113029,0.313152469546675,0.108472355952579
"Canterbury","C",0.140654218367552,0.512925204908839,0.221214649854514,0.124108192072119
"Cardiff Central","Lab",0.295390799898905,0.231090797102567,0.375913619981143,0.0965070482204087
"Cardiff North","C",0.0623665722435542,0.508681025072047,0.358452282348846,0.069402385538577
"Cardiff South & Penarth","OTHER",0.0738565742927957,0.352404744157003,-0.0241795332559323,0.596820480009157
"Cardiff West","Lab",0.0714315728567315,0.335778069701677,0.38235590700713,0.209336715637486
"Carlisle","C",0.0497097215211617,0.527434351786109,0.353846624961364,0.0679115669343892
"Carmarthen East & Dinefwr","OTHER",0.0477393978217895,0.295849919198347,0.217983973432055,0.437328974750832
"Carmarthen West & Pembrokeshire South","C",0.0480516715184688,0.521098702237866,0.262611049148033,0.167140842298656
"Carshalton & Wallington","C",0.372892786340051,0.401264203256495,0.125989538216145,0.098755737390333
"Castle Point","C",0.0418092628909889,0.592785796597859,0.114060290726466,0.25024691498771
"Ceredigion","LD",0.382695228973165,0.194464445219617,0.0724368875266207,0.349305703483621
"Charnwood","C",0.0931661935745856,0.627391053797964,0.194970502143314,0.0833745156871608
"Chatham & Aylesford","C",0.0557598046031593,0.586070216117749,0.211675875004463,0.145396369477653
"Cheadle","C",0.333743839341383,0.515366151817674,0.139169181312295,0.0106230927316729
"Chelmsford","C",0.142995541951472,0.599572801403474,0.15201014658501,0.104323775263068
"Chelsea & Fulham","C",0.07616680613798,0.713764307614575,0.207014222026721,0.00195692942374776
"Cheltenham","C",0.364261800877643,0.545608992940011,0.0484360804036937,0.0405953909816754
"Chesham & Amersham","C",0.114475657920403,0.674788676954167,0.103110434504356,0.106527495824098
"Chester, City Of","C",0.0802829184698343,0.514774649105987,0.408141961632753,-0.00429726400554992
"Chesterfield","Lab",0.162465396053189,0.264906053853686,0.454873290059186,0.116657525236963
"Chichester","C",0.109328747683935,0.660987373471625,0.0971561569031535,0.13142998714431
"Chingford & Woodford Green","C",0.0789750174538436,0.563656389364377,0.263762207224389,0.0925086511604137
"Chippenham","C",0.31797509388743,0.559914816825671,0.0581385853933359,0.0628737690965869
"Chipping Barnet","C",0.0690990122948807,0.57017063009564,0.317302744675896,0.0423298781366078
"Chorley","C",0.0503689782375236,0.447668222340434,0.426818300902484,0.0740467637225832
"Christchurch","C",0.0898301783267295,0.665416457817159,0.0712798587814066,0.172375770277729
"Cities Of London & Westminster","C",0.0938552531746932,0.625102781509008,0.249386861659088,0.0305573688602351
"Clacton","C",0.0425536322585928,0.450841850172995,0.11977956824383,0.385727214527605
"Cleethorpes","C",0.054037570864504,0.550593107946218,0.267088847058557,0.127182739333745
"Clwyd South","C",0.0626580079297638,0.387972747531146,0.34802557739887,0.200245932343244
"Clwyd West","C",0.0606586255804923,0.51718879511797,0.231763456120317,0.189291388384245
"Coatbridge, Chryston & Bellshill","OTHER",0.0350143300543781,0.147567327613007,0.31498571981125,0.501334887724389
"Colchester","C",0.298792954263234,0.473606857692712,0.137407526608657,0.0890949266384209
"Colne Valley","C",0.0841678948809485,0.528742776098626,0.325609199138434,0.0603823950850151
"Congleton","C",0.114875236861267,0.617149162312962,0.179661489970684,0.0872163760581104
"Copeland","C",0.0587039330549345,0.442223053310838,0.398469403182714,0.0995058756545366
"Corby","C",0.0501405686957603,0.511924307878403,-0.0241795332559323,0.461016921884793
"Cornwall North","C",0.336508020983194,0.5338304849614,0.0301473399951818,0.0984164192632486
"Cornwall South East","C",0.192924856528851,0.589558283225111,0.0687350376181618,0.1476840878309
"Cotswolds, The","C",0.210678521144042,0.64976761866169,0.0682905110379248,0.0701656143593674
"Coventry North East","Lab",0.0717098309828908,0.315167679738933,0.497356778931797,0.114667975549403
"Coventry North West","C",0.0641890367389479,0.394751429575426,0.385956169347613,0.154005629541037
"Coventry South","C",0.0648958142519077,0.43402723244194,0.398530368572485,0.101448849936691
"Crawley","C",0.0517653151388501,0.554487216997366,0.311618612985056,0.0810311200817515
"Crewe & Nantwich","C",0.0517227780520288,0.534106603281702,0.35310521902882,0.0599676648404726
"Croydon Central","C",0.0459455730483264,0.514051266602671,0.402484111178438,0.036421314373588
"Croydon North","OTHER",0.0600399155216643,0.311261715263303,-0.0241795332559323,0.651780167673989
"Croydon South","C",0.0839304409084302,0.629183614921416,0.223741176475146,0.0620470328980312
"Cumbernauld, Kilsyth & Kirkintilloch East","OTHER",0.0464405732133054,0.163064837624152,0.275929818329666,0.5134670360359
"Cynon Valley","Lab",0.0514236207562845,0.204906282471598,0.452717290057273,0.289855071917868
"Dagenham & Rainham","Lab",0.0408405527795596,0.327987553707368,0.389990037011199,0.240084121704897
"Darlington","C",0.0719723797836072,0.436206970002723,0.404516900958112,0.0862060144585813
"Dartford","C",0.0519240636037665,0.573988217805297,0.230027037006191,0.142962946787769
"Daventry","C",0.068970145779232,0.665976265193445,0.156539458327906,0.107416395902441
"Delyn","C",0.0610277462899068,0.411499500522914,0.381272051227609,0.145102967162594
"Denton & Reddish","Lab",0.0489263293454434,0.320821189418701,0.484106188416207,0.145048558022673
"Derby North","C",0.109826354241425,0.4508370418833,0.341470260017059,0.0967686090612404
"Derby South","Lab",0.0662482148704593,0.358131797635984,0.4659478552791,0.108574397417481
"Derbyshire Dales","C",0.107904171995505,0.608014109319548,0.203032729998644,0.0799512538893264
"Derbyshire Mid","C",0.0722066197504361,0.606133963403477,0.230047456624434,0.0905142254246763
"Derbyshire North East","C",0.0659807787328208,0.451439544428636,0.382260777080265,0.0992211649613012
"Derbyshire South","C",0.0613589767371223,0.578065515854604,0.243638913613773,0.115838858997524
"Devizes","C",0.104869498392562,0.661649225323297,0.105600493679545,0.126783047807619
"Devon Central","C",0.146191818469497,0.60653071590319,0.104108007149592,0.142071723680745
"Devon East","C",0.0920803046889567,0.548495957448913,0.0780007763370644,0.280325226728089
"Devon North","C",0.318623573909247,0.511277825846656,0.0465200080284714,0.12248085741865
"Devon South West","C",0.0989691104567826,0.650061463654758,0.142401106782184,0.107470584309299
"Devon West & Torridge","C",0.156431365070103,0.592789254175343,0.0821226016231855,0.167559044334392
"Dewsbury","C",0.0600609433639029,0.475003743919349,0.393609017928107,0.0702285599916655
"Don Valley","Lab",0.0591852651430994,0.336965950526259,0.437643184815903,0.165107864717762
"Doncaster Central","Lab",0.0666644713212827,0.291742493850959,0.466666582528333,0.173828717502449
"Doncaster North","Lab",0.0496278943781978,0.267430865114736,0.500060359405013,0.181783146305077
"Dorset Mid & Poole North","C",0.306105541805962,0.592647469339038,0.0353271228011873,0.0648221312568365
"Dorset North","C",0.140810020511005,0.650478681368213,0.0654523858224605,0.142161177501345
"Dorset South","C",0.0838805434186342,0.57310770458346,0.217851867859363,0.124062149341567
"Dorset West","C",0.240257624925818,0.586042173282324,0.0755937495383573,0.097008717456525
"Dover","C",0.0554852775137956,0.517071996402931,0.283302945240404,0.143042046045893
"Down North","OTHER",0.0241855005147513,0.128586186996595,-0.0241795332559323,0.870310110947609
"Down South","OTHER",0.0241855005147513,0.0917187751710287,-0.0241795332559323,0.907177522773176
"Dudley North","Lab",0.0367670966402514,0.392335800871818,0.393934806605091,0.175864561085863
"Dudley South","C",0.0458552204833459,0.521931243463928,0.301729914532605,0.129385886723145
"Dulwich & West Norwood","Lab",0.122604565192918,0.311092330572779,0.516531498245956,0.048673871191371
"Dumfries & Galloway","C",0.0410223614030591,0.38330631488763,0.222843540133701,0.351730048778634
"Dumfriesshire, Clydesdale & Tweeddale","C",0.050885926340508,0.482456390311621,0.123727782507293,0.341832166043601
"Dunbartonshire East","LD",0.38732814416987,0.170418454726168,0.0989091656925105,0.342246500614476
"Dunbartonshire West","OTHER",0.0401413871810269,0.154605901410006,-0.0241795332559323,0.828334509867923
"Dundee East","OTHER",0.0529703920785159,0.233819559826833,0.175114852963846,0.536997460333829
"Dundee West","OTHER",0.0478246291992796,0.170418460432297,0.212703769512776,0.567955406058671
"Dunfermline & Fife West","OTHER",0.064121088276426,0.202771571342806,0.293301232534012,0.43870837304978
"Durham, City Of","Lab",0.13701915135011,0.306675639763349,0.448701414432872,0.106506059656693
"Durham North","Lab",0.0751494819823944,0.293581959908705,0.524990994318421,0.105179828993503
"Durham North West","Lab",0.115128561844099,0.318237968327247,0.444641990402342,0.120893744629336
"Dwyfor Meirionnydd","OTHER",0.0640637559707745,0.310812639160371,0.110846233700108,0.51317963637177
"Ealing Central & Acton","C",0.085214305481938,0.511197498340989,0.408130758723476,-0.00564029734337929
"Ealing North","Lab",0.0566530329822837,0.381508628064679,0.527150089502262,0.0335905146537986
"Ealing Southall","Lab",0.0599649146556991,0.30095569384889,0.625551544050686,0.0124301126477493
"Easington","Lab",0.0482728387772282,0.21360320019589,0.586148562862367,0.150877663367538
"East Ham","Lab",0.0405557433910183,0.20496323809416,0.751551964162312,0.00183131955553301
"East Kilbride, Strathaven & Lesmahagow","OTHER",0.0413975456426853,0.202029745225035,0.259125443701071,0.496349530634233
"East Lothian","OTHER",0.0498912652485433,0.279326355693251,0.285933321320948,0.383751322940282
"Eastbourne","C",0.406006431582474,0.479946375585049,0.0541276850705652,0.0588217729649357
"Eastleigh","C",0.282126226575467,0.507007635500964,0.105196198660111,0.104572204466482
"Eddisbury","C",0.11476245608157,0.594640095307,0.212199077995968,0.0773006358184851
"Edinburgh East","OTHER",0.0523237068899132,0.1834448498463,0.274871200461072,0.488262508005739
"Edinburgh North & Leith","OTHER",0.0695930305106139,0.245938301339438,-0.0241795332559323,0.707550466608904
"Edinburgh South","Lab",0.0611736918875549,0.259290220363289,0.367270371382302,0.311167981569878
"Edinburgh South West","OTHER",0.0613933606752102,0.28666620111054,0.247767290510588,0.403075412906685
"Edinburgh West","LD",0.355367825790919,0.206987777662202,0.0929410325685601,0.343605629181343
"Edmonton","OTHER",0.0458846635124773,0.325429201438609,-0.0241795332559323,0.651767933507869
"Ellesmere Port & Neston","Lab",0.0576351120883597,0.427562832030339,0.453403020727846,0.0603013003564796
"Elmet & Rothwell","C",0.0698626117835023,0.568344512944951,0.313000597200666,0.0476945432739045
"Eltham","C",0.0544934459233756,0.448058974864547,0.402008570643783,0.0943412737713183
"Enfield North","C",0.0471388784977151,0.497951938675361,0.413040051892647,0.0407713961373006
"Enfield Southgate","C",0.0573209235480177,0.578115352691511,0.365914765181158,-0.00244877621766343
"Epping Forest","C",0.0940566199116873,0.631952715397221,0.137164391523187,0.135728538370928
"Epsom & Ewell","C",0.111720281677798,0.667176987847604,0.130975078857537,0.0890299168200839
"Erewash","C",0.0584969942443155,0.511322805548951,0.328703211663566,0.100379253746191
"Erith & Thamesmead","Lab",0.0469933002190946,0.358433837855044,0.473485717700259,0.119989409428627
"Esher & Walton","C",0.118470813629045,0.71339548878022,0.102698450456508,0.0643375123372508
"Exeter","Lab",0.0671526596098677,0.41525321028358,0.439776925702193,0.0767194696073835
"Falkirk","OTHER",0.0444871246446817,0.205666371032499,0.226566240691698,0.522182528834146
"Fareham","C",0.112192813129011,0.645312992644703,0.118416444806225,0.122980014623084
"Faversham & Kent Mid","C",0.0905348662768193,0.627794295111619,0.137447434409941,0.143125669404644
"Feltham & Heston","OTHER",0.0561458284167855,0.375375084369871,-0.0241795332559323,0.5915608856723
"Fermanagh & South Tyrone","OTHER",0.0241855005147513,0.0842709451127108,-0.0241795332559323,0.914625352831494
"Fife North East","OTHER",0.337443570019645,0.247163373807229,0.0526160834729633,0.361679237903186
"Filton & Bradley Stoke","C",0.0971168053761594,0.551063882120104,0.242250885676472,0.108470692030288
"Finchley & Golders Green","C",0.056928462354031,0.593244723161924,0.3732475240147,-0.0245184443276306
"Folkestone & Hythe","C",0.112933000969214,0.562783942749504,0.120139681432306,0.203045640051999
"Forest Of Dean","C",0.0772953551189516,0.552586777099787,0.22226634719641,0.146753785787875
"Foyle","OTHER",0.0241855005147513,0.0878383198492115,-0.0241795332559323,0.911057978094993
"Fylde","C",0.0614470199031389,0.575718932806996,0.16366627797992,0.198070034512969
"Gainsborough","C",0.0909726140528443,0.611036540614223,0.188970829099684,0.107922281436273
"Garston & Halewood","Lab",0.0707118463898508,0.220910187298775,0.666651979717957,0.040628251796441
"Gateshead","Lab",0.0923032374775171,0.229255002663634,0.543661516574103,0.133682508487769
"Gedling","C",0.0638954884309145,0.445140147996164,0.398900595082749,0.0909660336931965
"Gillingham & Rainham","C",0.0604444749826556,0.564112909512218,0.231991077220299,0.142353803487851
"Glasgow Central","OTHER",0.039750890412508,0.144268910421221,0.306356099278785,0.50852636509051
"Glasgow East","OTHER",0.0316824946444634,0.144246898150408,0.299487864249785,0.523485008158368
"Glasgow North","OTHER",0.0515946332811236,0.162841986768092,0.255193198448742,0.529272446705065
"Glasgow North East","OTHER",0.0321100587206313,0.130999423333383,0.312719851270047,0.523072931878962
"Glasgow North West","OTHER",0.0514122073145871,0.16845938858423,0.28466344571976,0.494367223584447
"Glasgow South","OTHER",0.0450760659335876,0.181691913582103,0.273167631449468,0.498966654237866
"Glasgow South West","OTHER",0.0341070566839554,0.134025349941527,-0.0241795332559323,0.854949391833473
"Glenrothes","OTHER",0.042925783719928,0.161690164407639,-0.0241795332559323,0.818465850331389
"Gloucester","C",0.0779753245756167,0.537661339786986,0.291293600362708,0.0919720004777136
"Gordon","OTHER",0.351380700047084,0.201308134982211,0.0349838236327045,0.411229606541024
"Gosport","C",0.0933767309773549,0.637381193722802,0.121126246666443,0.147018093836424
"Gower","C",0.0604828016046058,0.455242459215335,0.346160520067422,0.137016484315661
"Grantham & Stamford","C",0.0848868306235784,0.612575288894684,0.144548957117056,0.156891188567705
"Gravesham","C",0.0463439001637271,0.552648854524546,0.277262458008353,0.122647052506398
"Great Grimsby","Lab",0.0739913171226194,0.347352383552128,0.373496195302367,0.204062369225909
"Great Yarmouth","C",0.0473477033976585,0.513536276017386,0.266697257317276,0.171321028470703
"Greenwich & Woolwich","Lab",0.0808042178706893,0.350518055310502,0.497782963533176,0.0697970284886564
"Guildford","C",0.178929322987244,0.654826274272122,0.0968518452496062,0.068294822694051
"Hackney North & Stoke Newington","Lab",0.0741383940541503,0.231583872328218,0.604381013579917,0.0887989852407389
"Hackney South & Shoreditch","OTHER",0.0701291743272776,0.219201588240075,-0.0241795332559323,0.733751035891603
"Halesowen & Rowley Regis","C",0.0448391131853433,0.516353650850079,0.337566781044127,0.100142720123475
"Halifax","C",0.0614172331959389,0.474598465511312,0.375930173507033,0.0869563929887403
"Haltemprice & Howden","C",0.0868431701826964,0.626018796703252,0.185410884530232,0.100629413786844
"Halton","Lab",0.0485508249045076,0.262113381200932,0.604210400777784,0.0840276583197999
"Hammersmith","Lab",0.0705574771619573,0.448386875054329,0.475841317452992,0.00411659553374583
"Hampshire East","C",0.135165383958768,0.690942903911526,0.0768872831393513,0.095906694193379
"Hampshire North East","C",0.128944759774011,0.74303020437197,0.0737834297070307,0.0531438713500125
"Hampshire North West","C",0.11750917113709,0.664975719095861,0.108839761970085,0.107577612999987
"Hampstead & Kilburn","C",0.0805008218400793,0.507497540620827,0.420135195081478,-0.00923129233936065
"Harborough","C",0.158297676764489,0.611705146862249,0.129105138276914,0.0997943032993715
"Harlow","C",0.0446144173753872,0.572915269534758,0.275768490517542,0.105604087775337
"Harrogate & Knaresborough","C",0.244921411785734,0.611717737678658,0.0771581466001829,0.0651049691384484
"Harrow East","C",0.0453487658208737,0.587699516541282,0.382167405519578,-0.0163134226787101
"Harrow West","C",0.0578099452929844,0.506496982063122,-0.0241795332559323,0.45877487110285
"Hartlepool","Lab",0.0434562019581547,0.293336531337071,0.332265136280659,0.329844395627138
"Harwich & Essex North","C",0.0980209811886859,0.594718583038049,0.172962851943936,0.133199849032353
"Hastings & Rye","C",0.0558779230018406,0.529732095386632,-0.0241795332559323,0.437471780070483
"Havant","C",0.0895241281581884,0.600890022475074,0.135296686963573,0.173191427606188
"Hayes & Harlington","Lab",0.0438943073329331,0.331585398237711,0.571590175550886,0.051832384081494
"Hazel Grove","C",0.286338720163517,0.498024155506288,0.15129884430949,0.063240545223729
"Hemel Hempstead","C",0.0725807214363156,0.613052199520061,0.214069212538197,0.0992001317084509
"Hemsworth","Lab",0.0561856891673004,0.312870671566514,0.489238379303611,0.140607525165598
"Hendon","C",0.0461077249757628,0.574458331774004,0.390972592474473,-0.0126363840212161
"Henley","C",0.136521658093142,0.668889672029939,0.101046768431373,0.0924441666485697
"Hereford & Herefordshire South","C",0.130032253376761,0.609992002310586,0.103674541272709,0.155203468242967
"Herefordshire North","C",0.144294614897443,0.640587709996204,0.089890808038864,0.124129132270513
"Hertford & Stortford","C",0.102103655355983,0.645654814188888,0.155005569006093,0.0961382266520601
"Hertfordshire North East","C",0.0997683413738558,0.637926729533312,0.164567191551381,0.0966400027444742
"Hertfordshire South West","C",0.126722738365521,0.653673917155947,0.139003451709231,0.0795021579723256
"Hertsmere","C",0.0796246013512289,0.677111974439336,0.200112255688189,0.0420534337242691
"Hexham","C",0.0924978779515952,0.611067576788798,0.225053365578997,0.0702834448836337
"Heywood & Middleton","Lab",0.0572935807817586,0.275214123653236,0.406946594726267,0.259447966041762
"High Peak","C",0.0712232449082223,0.533895863894337,0.329085937613744,0.0646972187867205
"Hitchin & Harpenden","C",0.105160669814977,0.652902999288783,0.182285478030749,0.0585531180685143
"Holborn & St Pancras","Lab",0.0889195537223191,0.303037447288722,0.505019075553726,0.101926188638257
"Hornchurch & Upminster","C",0.0513598071263814,0.574005900576539,0.176830677476199,0.196705880023905
"Hornsey & Wood Green","Lab",0.341897709565543,0.176803609298918,0.4848972167657,-0.00469627042713711
"Horsham","C",0.140953177282428,0.657428608705157,0.089988231346615,0.110532247868824
"Houghton & Sunderland South","Lab",0.0447368268677353,0.268869142000133,0.527094856829547,0.158201439505609
"Hove","C",0.0598272824123266,0.48351252782999,0.398733861619005,0.056828593341702
"Huddersfield","OTHER",0.0826123002578216,0.35209544237048,-0.0241795332559323,0.588374055830654
"Hull East","Lab",0.0894598005375148,0.243416176162108,0.493120717142429,0.172905571360973
"Hull North","Lab",0.114037209819709,0.234429423718099,0.503922119449524,0.146513512215691
"Hull West & Hessle","Lab",0.123830188122839,0.259128662938073,0.4677866334579,0.148156780684212
"Huntingdon","C",0.102412474963586,0.614462087137136,0.159077212144322,0.12295049095798
"Hyndburn","C",0.0442148800470105,0.403155455570425,0.397300169218011,0.154231760367577
"Ilford North","C",0.0472787728109991,0.510862950344461,0.414449584703685,0.0263109573438785
"Ilford South","OTHER",0.0437185564555742,0.343459572019784,-0.0241795332559323,0.635903669983598
"Inverclyde","OTHER",0.0489798153083935,0.183941400422416,0.278956745803408,0.487024303668807
"Inverness, Nairn, Badenoch & Strathspey","OTHER",0.337118345532369,0.143458975591943,0.0506473287370207,0.467677615341691
"Ipswich","C",0.0529364759942765,0.531841487684691,0.346728586841,0.0673957146830568
"Isle Of Wight","C",0.0986520723497442,0.4909708028652,0.103615630328705,0.305663759659374
"Islington North","Lab",0.105105190160118,0.256204974442036,0.578229371159716,0.059362729441154
"Islington South & Finsbury","Lab",0.133266142032709,0.306520775697757,0.48512699486695,0.0739883526056074
"Islwyn","OTHER",0.0510209006446911,0.235848584162455,-0.0241795332559323,0.73621231365181
"Jarrow","Lab",0.0562879795107061,0.255000122583927,0.532401734247439,0.155212428860951
"Keighley","C",0.051077180583151,0.527362775823376,0.356762184473034,0.0637001243234631
"Kenilworth & Southam","C",0.124880300785293,0.667862181201334,0.128963464428067,0.0771963187883302
"Kensington","C",0.0805194846654346,0.606810281279014,0.28700686848979,0.0245656307687858
"Kettering","C",0.0557412631476455,0.602441981581854,0.227355898147346,0.113363122326178
"Kilmarnock & Loudoun","OTHER",0.0388229047408611,0.20953298989686,-0.0241795332559323,0.774725903821235
"Kingston & Surbiton","C",0.368725017501233,0.476639264016395,0.120522000843607,0.0330159828417888
"Kingswood","C",0.0621491368783876,0.567429386671152,0.271841245964847,0.0974824956886368
"Kirkcaldy & Cowdenbeath","OTHER",0.045927919027948,0.183019338064386,-0.0241795332559323,0.794134541366622
"Knowsley","Lab",0.0535578392625829,0.1506445454912,0.757006399562235,0.0376934808870057
"Lagan Valley","OTHER",0.0241855005147513,0.100705170517912,-0.0241795332559323,0.898191127426292
"Lanark & Hamilton East","OTHER",0.0459561038663022,0.243017190000329,0.281224209188601,0.428704762147792
"Lancashire West","Lab",0.050314818495265,0.408652940442447,0.468492984660164,0.0714415216051472
"Lancaster & Fleetwood","C",0.0574884858039362,0.476671155951754,0.398528790094492,0.0662138333528414
"Leeds Central","Lab",0.0581270739475341,0.257219799667852,0.525412013538598,0.15814337804904
"Leeds East","Lab",0.0581157549916599,0.293638418146536,0.513311303480899,0.133836788583929
"Leeds North East","Lab",0.0773838190420131,0.41325564205417,0.4549366581669,0.0533261459399407
"Leeds North West","LD",0.392015378043178,0.270699895455216,0.276602347409243,0.0595846442953867
"Leeds West","Lab",0.0630944873195297,0.285426502981695,0.456157764716636,0.194223510185162
"Leicester East","Lab",0.0498366613702061,0.313820749556416,0.587162731868475,0.0480821224079274
"Leicester South","OTHER",0.070483006065228,0.293839531591314,-0.0241795332559323,0.658759260802414
"Leicester West","Lab",0.0678388230337247,0.340571275336916,0.440770353772629,0.149721813059754
"Leicestershire North West","C",0.0636244700189028,0.579052507927951,-0.0241795332559323,0.380404820512102
"Leicestershire South","C",0.0981201517034172,0.616481752515448,0.196048186211486,0.0882521747726726
"Leigh","Lab",0.0496713946264017,0.310674331412381,0.51461442991141,0.123942109252831
"Lewes","C",0.38277275813248,0.464286774159011,0.0747520061188204,0.0770907267927128
"Lewisham Deptford","Lab",0.0768359454183906,0.233050095789555,0.578274816678703,0.110741407316376
"Lewisham East","Lab",0.0813809435173373,0.307321524056401,0.532794583185137,0.0774052144441492
"Lewisham West & Penge","Lab",0.101255630384881,0.325995620437386,0.481732155055756,0.0899188593250005
"Leyton & Wanstead","Lab",0.0807906647532595,0.303886206887027,0.561919771463622,0.0523056220991155
"Lichfield","C",0.0766463006391028,0.635867113531309,0.174005711658285,0.112383139374327
"Lincoln","C",0.066702362121513,0.510634814317867,0.371385223851555,0.0501798649120882
"Linlithgow & Falkirk East","OTHER",0.0445111657257194,0.204146913098165,0.286241428803908,0.464002757575231
"Liverpool Riverside","OTHER",0.0630215486813916,0.180174973307817,-0.0241795332559323,0.779885276469747
"Liverpool Walton","Lab",0.0475951299707834,0.131194362554056,0.788829867051335,0.0312829056268485
"Liverpool Wavertree","OTHER",0.0840771391148391,0.184285588545131,-0.0241795332559323,0.754719070798985
"Liverpool West Derby","OTHER",0.0475580724725393,0.150318567642018,-0.0241795332559323,0.825205158344399
"Livingston","OTHER",0.0455940882777971,0.187299773722369,0.251994724307451,0.514013678895407
"Llanelli","Lab",0.0436545729469595,0.227735454886133,0.389259570803797,0.338252666566134
"Londonderry East","OTHER",0.0241855005147513,0.0964274237668561,-0.0241795332559323,0.902468874177349
"Loughborough","C",0.0651312905954895,0.57950354795777,0.294524811226959,0.0597426154228051
"Louth & Horncastle","C",0.0689844515637023,0.595932578933436,0.156148661276808,0.177836573429078
"Ludlow","C",0.158779678988837,0.627162566526272,0.0986176288021998,0.114342390885714
"Luton North","Lab",0.0546992305187446,0.38351221264225,0.498312303910214,0.0623785181318158
"Luton South","OTHER",0.099583453897355,0.391002989835091,-0.0241795332559323,0.53249535472651
"Macclesfield","C",0.101648301434143,0.609755843697331,0.202684453195134,0.0848136668764152
"Maidenhead","C",0.123284934179221,0.742575652196547,0.0945466760096884,0.0384950028175676
"Maidstone & The Weald","C",0.264857366141626,0.539079983305072,0.081159398957625,0.113805516798701
"Makerfield","Lab",0.0607801240746334,0.279680429796108,0.493994977773808,0.164446733558474
"Maldon","C",0.0690809110673582,0.690202883920079,0.0942511046876623,0.145367365527924
"Manchester Central","OTHER",0.0653714439088966,0.219564673466376,-0.0241795332559323,0.738145681083684
"Manchester Gorton","Lab",0.0665948867447901,0.180965297667507,0.646636050170613,0.104706030620113
"Manchester Withington","Lab",0.263748403288638,0.181777249399626,0.513045779957053,0.0403308325577078
"Mansfield","Lab",0.0589787961306265,0.365838126686249,0.370010283030381,0.204075059355767
"Meon Valley","C",0.120614141000472,0.69486320684483,0.0851848923681372,0.0982400249895851
"Meriden","C",0.0743347315472019,0.631597143238293,0.165847651505393,0.127122738912136
"Merthyr Tydfil & Rhymney","Lab",0.065481542085896,0.184897568985552,0.514380760187442,0.234142393944133
"Middlesbrough","Lab",0.0614875246081898,0.249011359715536,0.544034250147725,0.144369130731573
"Middlesbrough South & Cleveland East","C",0.0584259278633074,0.454807539022118,0.396010058880154,0.0896587394374445
"Midlothian","OTHER",0.047607320878493,0.203449112334577,0.277779871680858,0.470065960309096
"Milton Keynes North","C",0.0861524976720695,0.556502797015921,0.278999417031803,0.0772475534832308
"Milton Keynes South","C",0.0633549520745742,0.552489235499316,-0.0241795332559323,0.407237610885066
"Mitcham & Morden","Lab",0.0547113965760689,0.315939900852377,0.58235097048781,0.0458999972867685
"Mole Valley","C",0.168926160652582,0.690618424256708,0.058609730436487,0.0807479498572466
"Monmouth","C",0.0767749404877823,0.58363886049765,0.243803274042538,0.0946851901750531
"Montgomeryshire","C",0.316835913762374,0.534666418644126,0.0321050891927451,0.115294843603778
"Moray","OTHER",0.0524931303848812,0.395127276281542,0.0752117005103015,0.476070158026299
"Morecambe & Lunesdale","C",0.0614640722736894,0.539638411927382,0.325041131838189,0.0727586491637635
"Morley & Outwood","OTHER",0.053739904659829,0.473410841485768,-0.0241795332559323,0.495931052313359
"Motherwell & Wishaw","OTHER",0.0366448159779849,0.160871894591327,0.294600656225171,0.506784898408541
"Na H-Eileanan An Iar","OTHER",0.0527963676248027,0.160503847609887,0.261929137844582,0.523672912123752
"Neath","Lab",0.0557729517063495,0.237522594500081,0.413951609870498,0.291655109126095
"New Forest East","C",0.117740215664305,0.646873327461488,0.0975265358685849,0.136762186208645
"New Forest West","C",0.0936434207847365,0.683722537603746,0.0840887645715303,0.137447542243011
"Newark","C",0.0697860511629101,0.654688902361,0.193020573814543,0.081406737864571
"Newbury","C",0.174360020584559,0.694619985252327,0.0602358245102109,0.0696864348559268
"Newcastle-Under-Lyme","C",0.0666535796830653,0.453366463404685,0.360033318803514,0.11884890331176
"Newcastle Upon Tyne Central","Lab",0.0874033999019538,0.273183585842367,0.525941601131983,0.11237367832672
"Newcastle Upon Tyne East","Lab",0.13463371835168,0.259784687400202,0.469879923171583,0.134603936279559
"Newcastle Upon Tyne North","Lab",0.121443302746825,0.318972778442331,0.436692356432424,0.121793827581444
"Newport East","Lab",0.0883019412120283,0.357285642617553,0.38285020355619,0.170464477817252
"Newport West","C",0.0633705700366488,0.409524371637607,0.388069208905815,0.137938114622953
"Newry & Armagh","OTHER",0.0241855005147513,0.0884813025921101,-0.0241795332559323,0.910414995352095
"Newton Abbot","C",0.263756097161592,0.556656081788151,0.073969804609071,0.10452028164421
"Norfolk Mid","C",0.0873893616960889,0.605338898839823,0.159398954448044,0.146775050219068
"Norfolk North","LD",0.414742832444973,0.393009359327306,0.0778765642063254,0.113273509224419
"Norfolk North West","C",0.0595024665910427,0.606256970318005,0.203364744888924,0.129778083405052
"Norfolk South","C",0.106271525408402,0.626871998978929,0.15966935423247,0.106089386583223
"Norfolk South West","C",0.0684281666492554,0.593450749542964,0.14842074612942,0.188602602881384
"Normanton, Pontefract & Castleford","Lab",0.0531634293554163,0.292759517350548,0.525159203480674,0.127820115016386
"Northampton North","C",0.0597339514548441,0.507985136582098,0.31719723972623,0.113985937439852
"Northampton South","C",0.0672109094232998,0.499943201053458,0.293946173975834,0.137801980750432
"Northamptonshire South","C",0.0835493071592914,0.685746414206727,0.143264849117306,0.0863416947197002
"Norwich North","C",0.0676338396595485,0.521323615327429,0.310491966101748,0.0994528441142982
"Norwich South","Lab",0.160516309585589,0.319068625817578,0.368553066872,0.150764262927856
"Nottingham East","OTHER",0.0660781984044954,0.292001922987686,-0.0241795332559323,0.665001677066775
"Nottingham North","Lab",0.0481506421269517,0.294298390434274,0.521416482928319,0.135036749713479
"Nottingham South","Lab",0.0594322507735802,0.400870507979385,0.451996700495362,0.0866028059546965
"Nuneaton","C",0.0420219559564003,0.539515868499014,0.324352675098349,0.0930117656492606
"Ochil & Perthshire South","OTHER",0.0497769020803022,0.291404051504513,0.260107933696427,0.397613377921781
"Ogmore","Lab",0.0545968480324818,0.243703569226186,0.505267275254706,0.19533457268965
"Old Bexley & Sidcup","C",0.0593527803983827,0.612250751735454,0.165753725920931,0.161545007148256
"Oldham East & Saddleworth","Lab",0.152728989038457,0.343403647493396,0.369881119128125,0.132888509543047
"Oldham West & Royton","Lab",0.0610216272736821,0.274061612057561,0.52361006731898,0.140208958552801
"Orkney & Shetland","LD",0.438080255882579,0.173368094003946,0.0472741802252364,0.340179735091262
"Orpington","C",0.0921003316454414,0.658426598563518,0.131739050526088,0.116636284467976
"Oxford East","Lab",0.131763081449471,0.283051745680881,0.476047340424748,0.108040097647924
"Oxford West & Abingdon","C",0.313650450643142,0.541115845282152,0.102883893648534,0.0412520756291951
"Paisley & Renfrewshire North","OTHER",0.0450923214889497,0.206798787845857,0.303294605700114,0.443716550168104
"Paisley & Renfrewshire South","OTHER",0.0460346763032686,0.160548364746683,0.362269651185724,0.430049572967348
"Pendle","C",0.0576403241288621,0.556238187733301,0.325105023979489,0.0599187293613716
"Penistone & Stocksbridge","Lab",0.0872964408827028,0.361045606827826,0.396083411209855,0.15447680628264
"Penrith & The Border","C",0.109452229414366,0.680842061435199,0.119441968986731,0.0891660053667278
"Perth & Perthshire North","OTHER",0.0621744304040502,0.411540317806438,0.0572411309507098,0.467946386041826
"Peterborough","C",0.0618700464520853,0.481169511230608,0.331826839553415,0.124035867966916
"Plymouth Moor View","C",0.0538761544132632,0.460274324918372,0.327742731213861,0.157009054657528
"Plymouth Sutton & Devonport","OTHER",0.066051105251736,0.462062159173549,-0.0241795332559323,0.494968534033671
"Pontypridd","Lab",0.153640122762785,0.257677840208007,0.386411248645762,0.20117305358647
"Poole","C",0.141755605804562,0.585294302992566,0.104573658143642,0.167278698262254
"Poplar & Limehouse","Lab",0.06628643304355,0.338208724283622,0.561315333917487,0.0330917739583649
"Portsmouth North","C",0.0864899728654893,0.554484648571622,0.213890526228536,0.144037117537376
"Portsmouth South","C",0.247176694462679,0.432336716059898,0.17112867856661,0.148260176113837
"Preseli Pembrokeshire","C",0.0434181664581382,0.488230901715926,0.257258478382296,0.209994718646663
"Preston","OTHER",0.0613542238109358,0.284097650422102,-0.0241795332559323,0.677629924225919
"Pudsey","C",0.0620043392446981,0.54840588335765,0.35157399630599,0.0369180462946864
"Putney","C",0.087647533074955,0.621911381428783,0.275682658134533,0.0136606925647526
"Rayleigh & Wickford","C",0.0546627647011474,0.630832388179227,0.101806937995477,0.211600174327172
"Reading East","C",0.097837815641301,0.544068148740865,0.306493417985799,0.0505028828350588
"Reading West","C",0.0728385043987278,0.561132361524578,0.315296543101394,0.0496348561783248
"Redcar","OTHER",0.20889187163819,0.246298365137638,-0.0241795332559323,0.567891561683128
"Redditch","C",0.0547764570207153,0.555290038949166,0.286877657546372,0.101958111686771
"Reigate","C",0.128744498742565,0.651974308371976,0.103924227284682,0.114259230803801
"Renfrewshire East","OTHER",0.0430291458523152,0.303995958333229,0.31594033277615,0.33593682824133
"Rhondda","Lab",0.0392149887511645,0.151364609898049,0.48238397742959,0.32593868912422
"Ribble Valley","C",0.0769389794497282,0.570537047748471,0.201649764449023,0.149776473555802
"Richmond (Yorks)","C",0.0883533554750283,0.598058237469977,0.107748835787939,0.20474183647008
"Richmond Park","C",0.216889515675239,0.66639307502591,0.0992701545666088,0.0163495199352655
"Rochdale","Lab",0.126914974430666,0.254686969766024,0.437211617965727,0.180088703040607
"Rochester & Strood","C",0.0480068121150255,0.524936646994042,0.173779184087354,0.252179622006603
"Rochford & Southend East","C",0.057642664337903,0.548428897781946,0.222678841354231,0.170151861728944
"Romford","C",0.0529178605131245,0.593990738516265,0.184613016258078,0.167380649915556
"Romsey & Southampton North","C",0.201320919333711,0.627371899697611,0.0946063669878795,0.0756030791838226
"Ross, Skye & Lochaber","OTHER",0.382823179594419,0.146407703382066,0.024683206214542,0.444988176011997
"Rossendale & Darwen","C",0.0406264274077017,0.550307988193651,0.32652624350647,0.0814416060952015
"Rother Valley","Lab",0.0665513526170929,0.317049183697113,0.411835694630667,0.203466034258151
"Rotherham","Lab",0.0530832611365951,0.207370646352697,0.500897800641432,0.2375505570723
"Rugby","C",0.0808316254790414,0.574823122397125,0.255276043612206,0.0879714737146511
"Ruislip, Northwood & Pinner","C",0.0737149995581311,0.680128193951101,0.176847369246899,0.0682117024468936
"Runnymede & Weybridge","C",0.091355643565978,0.68166965045915,0.130999080985257,0.0948778901926384
"Rushcliffe","C",0.0746350690739566,0.598265579294424,0.239126245875385,0.0868753709592584
"Rutherglen & Hamilton West","OTHER",0.0423231382826937,0.159772116682614,-0.0241795332559323,0.820986543493648
"Rutland & Melton","C",0.104895351621833,0.640705573246696,0.129346829764415,0.12395451057008
"Saffron Walden","C",0.129791532167028,0.656270319710977,0.0937955549083399,0.119044858416679
"St Albans","C",0.209293798789695,0.550752674945717,0.208399968149465,0.0304558233181473
"St Austell & Newquay","C",0.263994082552439,0.486367805778702,0.0780821374813446,0.170458239390538
"St Helens North","Lab",0.0684176001342601,0.280721135358301,0.546081622053649,0.103681907656814
"St Helens South & Whiston","Lab",0.0807385926485612,0.24351635288592,0.573998039734129,0.100649279934414
"St Ives","C",0.355821532970456,0.467012293017993,0.0691720150136488,0.106896424200926
"Salford & Eccles","Lab",0.0614939307405898,0.288219073912322,0.469660183810247,0.179529076739864
"Salisbury","C",0.124747575260832,0.640271339551129,0.129079514175288,0.104803836215776
"Scarborough & Whitby","C",0.0694105785431976,0.516056277859522,0.277732949200759,0.135702459599545
"Scunthorpe","C",0.0450295491328179,0.416124441228138,0.392511947754327,0.14523632708774
"Sedgefield","Lab",0.0595713874865459,0.379549382967861,0.447847535656145,0.111933959092471
"Sefton Central","Lab",0.066738692004113,0.380327737099818,0.513528795827522,0.0383070402715708
"Selby & Ainsty","C",0.0605463822661337,0.609325865194523,0.244133473334478,0.0848965444078897
"Sevenoaks","C",0.102730708399198,0.653479308371828,0.104461437137492,0.138230811294506
"Sheffield Brightside & Hillsborough","Lab",0.0691758882510008,0.194300156407745,0.541645748246078,0.193780472298201
"Sheffield Central","Lab",0.121031990452043,0.195583285229977,0.526111368426091,0.156175621094913
"Sheffield Hallam","LD",0.424592847173968,0.22024542286185,0.333816897954753,0.0202470972124533
"Sheffield Heeley","Lab",0.137056505080961,0.245800625478008,0.457864797033261,0.158180337610794
"Sheffield South East","Lab",0.0775860042930888,0.25800250322714,0.490130170474426,0.173183587208368
"Sherwood","C",0.0457642610181242,0.534643740883747,0.334532841985695,0.0839614213154579
"Shipley","C",0.0627474885642942,0.584231374062891,0.28536500396064,0.0665583986151986
"Shrewsbury & Atcham","C",0.103073526835405,0.539485170095151,0.254239009496646,0.102104558775821
"Shropshire North","C",0.0840641454465604,0.598622418302371,0.176436752670304,0.139778948783789
"Sittingbourne & Sheppey","C",0.0558392734500666,0.578924434520949,0.171717424903572,0.192421132328436
"Skipton & Ripon","C",0.0985453678143719,0.63867993354725,0.149705618598024,0.111971345243378
"Sleaford & North Hykeham","C",0.0806881480673795,0.646149415989632,0.148395695983381,0.123669005162632
"Slough","Lab",0.0505966864287855,0.417466180741918,0.460978415993161,0.0698609820391584
"Solihull","C",0.280743670616433,0.576357328580828,0.0797471539782268,0.0620541120275362
"Somerset North","C",0.15119171000883,0.619373249072536,0.119029044668129,0.109308261453529
"Somerset North East","C",0.103015475079416,0.582001330555873,0.224108473005073,0.089776986562662
"Somerton & Frome","C",0.218053745718618,0.614208433713086,0.0490931126178179,0.117546973153502
"South Holland & The Deepings","C",0.0539780097105974,0.679775649727908,0.100233659988931,0.164914945775587
"South Ribble","C",0.0683329131555762,0.548525289202839,0.326555620458026,0.0554884423865827
"South Shields","Lab",0.0418057955650753,0.250298795657313,0.488408361408345,0.218389312572291
"Southampton Itchen","C",0.0598598462986922,0.501537775799358,-0.0241795332559323,0.461684176360906
"Southampton Test","C",0.0727743395141098,0.409731405114543,0.388562150973885,0.127834369600485
"Southend West","C",0.116953255350852,0.582484789503733,0.1590193703366,0.14044485001184
"Southport","C",0.333747641962791,0.363856442040218,0.16783425327952,0.133463927920494
"Spelthorne","C",0.0886326163891579,0.581143334525698,0.161521071890872,0.167605242397296
"Stafford","C",0.0518271434290171,0.568327786829445,0.271696776543727,0.107050558400834
"Staffordshire Moorlands","C",0.0654891847376362,0.595459805563083,0.248110132604542,0.0898431422977631
"Staffordshire South","C",0.0533802261085252,0.678609426503089,0.15943674159386,0.107475870997549
"Stalybridge & Hyde","OTHER",0.0547942639791954,0.370886922107398,-0.0241795332559323,0.597400612372363
"Stevenage","C",0.0572824272286993,0.52969867372628,-0.0241795332559323,0.436100697503977
"Stirling","OTHER",0.0508854142003751,0.315420844412605,0.230984943583044,0.401611063007
"Stockport","Lab",0.100706976466225,0.329169933737897,0.474471126281509,0.0945542287173928
"Stockton North","Lab",0.0465250926402978,0.36399599628655,0.466988241124296,0.12139293515188
"Stockton South","C",0.050557684231955,0.551884899588839,-0.0241795332559323,0.420639214638162
"Stoke-On-Trent Central","Lab",0.0658789762578989,0.309724554686768,0.368948764260475,0.254349969997882
"Stoke-On-Trent North","Lab",0.0536003088140217,0.358317615573724,0.374977087016226,0.212007253799052
"Stoke-On-Trent South","C",0.0576577689065993,0.411066659434955,0.367540619146451,0.162637217715019
"Stone","C",0.0767678398228672,0.631420697403753,0.177453432234914,0.113260295741489
"Stourbridge","C",0.0575992179537571,0.544741518012404,0.290860984678413,0.105700544558449
"Strangford","OTHER",0.0241855005147513,0.148149025527756,-0.0241795332559323,0.850747272416449
"Stratford-On-Avon","C",0.144319976505346,0.660924203046211,0.105574251310422,0.0880838343410453
"Streatham","Lab",0.11412602081195,0.335407468053451,0.506010921954049,0.0433578543835737
"Stretford & Urmston","Lab",0.0535478081075595,0.362717027982542,0.506174452860568,0.0764629762523537
"Stroud","C",0.0584839927622397,0.541578694335815,-0.0241795332559323,0.423019111360901
"Suffolk Central & Ipswich North","C",0.0854548898545431,0.644773080482195,0.163899373730701,0.104774921135585
"Suffolk Coastal","C",0.110112039349877,0.60330177577789,0.155929831063958,0.129558619011298
"Suffolk South","C",0.102094067760017,0.614950814879794,0.168491975403786,0.113365407159427
"Suffolk West","C",0.0742545612882319,0.605964152782519,0.150584847634545,0.168098703497727
"Sunderland Central","Lab",0.0506449612685466,0.318455131693813,0.477688193385512,0.152113978855152
"Surrey East","C",0.116676098165501,0.658411365411091,0.0939424923041982,0.129872309322234
"Surrey Heath","C",0.114887490189753,0.682863658823648,0.0878889571263867,0.113262159063237
"Surrey South West","C",0.0869667116704088,0.683003415919273,0.0706225466124128,0.15830959100093
"Sussex Mid","C",0.139053656084222,0.645531642253182,0.114657174459924,0.0996597924056956
"Sutton & Cheam","C",0.361045534579474,0.49970026081254,0.0869516159275163,0.0512048538834928
"Sutton Coldfield","C",0.0758431872257278,0.630579986682695,0.199303378609408,0.0931757126851928
"Swansea East","Lab",0.0655918899489829,0.23722471987623,0.505506944226369,0.190578711151442
"Swansea West","OTHER",0.114582587782927,0.309865438229106,-0.0241795332559323,0.598633772446922
"Swindon North","C",0.0568029347630572,0.587601598609897,0.253547200023804,0.100950531806265
"Swindon South","C",0.061069165740174,0.546626059498761,0.32074464919337,0.0704623907707182
"Tamworth","C",0.0544352143401636,0.584673709347247,0.236642105782521,0.123151235733092
"Tatton","C",0.109178215424902,0.670433689604741,0.159294350800759,0.0599960093726217
"Taunton Deane","C",0.237670393495904,0.565363418379593,0.0681900834110223,0.127678369916504
"Telford","C",0.0469927338767884,0.480236008466137,0.353825141365792,0.117848381494306
"Tewkesbury","C",0.162032421590207,0.629515235370011,0.12405695127717,0.0832976569656368
"Thanet North","C",0.0591460768860772,0.574037803761469,0.154576337783109,0.211142046772369
"Thanet South","C",0.0430515153727501,0.465599258304751,0.213467477938173,0.276784013587349
"Thirsk & Malton","C",0.113997397774371,0.610290232804872,0.130293874554628,0.144320760069153
"Thornbury & Yate","C",0.403617248507339,0.494483010173448,0.0535433409462502,0.0472586655759865
"Thurrock","C",0.0371788021046149,0.421047637873586,0.30178285880282,0.238892966422003
"Tiverton & Honiton","C",0.128829958599308,0.624233372804618,0.102952509226816,0.142886424572282
"Tonbridge & Malling","C",0.0923800225941252,0.678401744441945,0.117501107698046,0.110619390468908
"Tooting","C",0.0635473417596839,0.503128013244004,0.447770250973177,-0.0155433407738414
"Torbay","C",0.362482886067695,0.490914178125045,0.0624695235048157,0.0830356775054681
"Torfaen","Lab",0.0576884132384775,0.31541731936476,0.422297520807383,0.203499011792403
"Totnes","C",0.123278861026036,0.61383758417677,0.10296232291325,0.158823497086967
"Tottenham","Lab",0.0654468379836173,0.203872430144902,0.649113384644345,0.0804696124301593
"Truro & Falmouth","C",0.192604715166311,0.524302762589042,0.127419100920694,0.154575686526977
"Tunbridge Wells","C",0.108614216389372,0.67113024354936,0.117902600990004,0.101255204274288
"Twickenham","C",0.40420936994253,0.496824973885048,0.0907969198761238,0.00707100149932188
"Tynemouth","Lab",0.0540013711568674,0.412357682190942,0.457940291026711,0.0746029208285031
"Tyneside North","Lab",0.0685060609829473,0.276440623441559,0.535242056730825,0.118713524047693
"Tyrone West","OTHER",0.0241855005147513,0.0886430670147131,-0.0241795332559323,0.910253230929492
"Ulster Mid","OTHER",0.0241855005147513,0.0872033531084099,-0.0241795332559323,0.911692944835795
"Upper Bann","OTHER",0.0241855005147513,0.0885277061622883,-0.0241795332559323,0.910368591781916
"Uxbridge & Ruislip South","C",0.0736153280124639,0.58662527775425,0.239505722596425,0.0991559368398847
"Vale Of Clwyd","C",0.050134849654027,0.474503780256354,0.359331995061472,0.114931640231171
"Vale Of Glamorgan","C",0.0497055519837626,0.544509184248655,0.301927342926003,0.102760186044603
"Vauxhall","Lab",0.0932704173917459,0.356897715518001,0.513523059514348,0.0352110727789294
"Wakefield","C",0.0586955417034046,0.42606695656176,0.378422100327946,0.135717666609913
"Wallasey","Lab",0.0474986951833857,0.310900101594747,0.579426978758088,0.0610764896668027
"Walsall North","C",0.0469602205754839,0.421960395537026,0.366027337117953,0.163954311972562
"Walsall South","Lab",0.0403430606275674,0.412513212907538,0.447640343411212,0.0984056482567056
"Walthamstow","OTHER",0.0639261455525539,0.217872246672669,-0.0241795332559323,0.741283406233733
"Wansbeck","Lab",0.0866595453652496,0.301930828833641,0.475898332192573,0.13441355881156
"Wantage","C",0.154689615741089,0.617398517129172,0.136022798705659,0.0907913336271044
"Warley","Lab",0.045465470907836,0.277508937129418,0.557702091952241,0.118225765213529
"Warrington North","Lab",0.0655998865646423,0.366025277000247,0.454034430063383,0.113242671574751
"Warrington South","C",0.0803747411597061,0.521114912561702,0.366331477139498,0.0310811343421168
"Warwick & Leamington","C",0.0738484174203087,0.563680209460984,0.324627330981627,0.0367463073401039
"Warwickshire North","C",0.0448284285177907,0.507303218156593,0.336100771533311,0.110669846995329
"Washington & Sunderland West","Lab",0.0508382100726867,0.273040840702801,0.525462144817987,0.149561069609549
"Watford","C",0.204990145299164,0.518828996012994,0.235949765573967,0.039133358316899
"Waveney","C",0.0443977773175714,0.507751671605162,0.35316738987994,0.0935854264003498
"Wealden","C",0.115035597854141,0.654416691118288,0.0839461134810058,0.145503862749589
"Weaver Vale","C",0.0539505804217221,0.515853935276365,0.390205855183695,0.0388918943212416
"Wellingborough","C",0.0686035056704126,0.605091885029427,0.170922588496993,0.154284286006192
"Wells","C",0.352141355990641,0.545521472316422,0.042248134394848,0.058991302501113
"Welwyn Hatfield","C",0.0867290718721858,0.587826367879367,0.23730836635566,0.0870384590958104
"Wentworth & Dearne","Lab",0.0504653402887678,0.233406141574773,0.544738478274782,0.170292305064701
"West Bromwich East","Lab",0.0442164404486038,0.333577463836705,0.477714204074698,0.143394156843016
"West Bromwich West","OTHER",0.0398881214249323,0.323093534046646,-0.0241795332559323,0.660100142987378
"West Ham","Lab",0.0512724249176077,0.238571704683108,0.660229384593025,0.0488287510092827
"Westminster North","C",0.0610585075502324,0.502527765480175,0.444110186843273,-0.00879419467065717
"Westmorland & Lonsdale","LD",0.539094858972925,0.416282635521262,0.0302053918396143,0.0133193788692221
"Weston-Super-Mare","C",0.128577340977531,0.563853073290516,0.158382500539166,0.148089350395811
"Wigan","Lab",0.0518939764381832,0.291565670566975,0.497424246577596,0.158018371620269
"Wiltshire North","C",0.180289622676315,0.656665913069036,0.0733360929803206,0.0886106364773521
"Wiltshire South West","C",0.130337350717102,0.610925089914523,0.110359513662334,0.147280310909065
"Wimbledon","C",0.150760197966323,0.605211839747381,0.236156677557334,0.00677354993198548
"Winchester","C",0.268436711737544,0.634292638655266,0.059214059917833,0.0369588548923805
"Windsor","C",0.110369711041067,0.718182428366299,0.109672141385216,0.0606779844104414
"Wirral South","Lab",0.0594174722144429,0.456333951542426,0.457810093151315,0.0253407482948398
"Wirral West","C",0.0584202943414989,0.525787501087674,0.427299276051727,-0.0126048062778758
"Witham","C",0.0854770541104093,0.659300626252467,0.13412694571286,0.119997639127288
"Witney","C",0.0917789480712644,0.686182644438999,0.147599817655459,0.0733408550373009
"Woking","C",0.140554525224166,0.646179189281751,0.137259155066753,0.0749093956303548
"Wokingham","C",0.159402200812971,0.661584825717721,0.121037345616905,0.0568778930554266
"Wolverhampton North East","Lab",0.0516830742582445,0.383479838445652,0.436632748013368,0.12710660448576
"Wolverhampton South East","Lab",0.0471402813224834,0.307519132893173,0.509102022376331,0.135140828611036
"Wolverhampton South West","C",0.0452006961177257,0.496442349524658,0.407912784384397,0.0493464351762427
"Worcester","C",0.0579123472456404,0.537461621459673,0.315462081288645,0.0880662152090657
"Worcestershire Mid","C",0.095990191754579,0.654170418544975,0.120348949271593,0.128392705631877
"Worcestershire West","C",0.121135592936193,0.645121222377036,0.109720651586951,0.122924798302843
"Workington","Lab",0.068591813074874,0.385755488700054,0.399136380739336,0.145418582688759
"Worsley & Eccles South","Lab",0.0503460789013571,0.385212725934629,0.418172064917584,0.145171395449454
"Worthing East & Shoreham","C",0.0915228687459429,0.579000192777948,0.170958548430708,0.157420655248425
"Worthing West","C",0.112379657676464,0.598897740219383,0.132529093105788,0.155095774201389
"Wrekin, The","C",0.0673001427666605,0.581200760021265,0.236313016868416,0.114088345546682
"Wrexham","C",0.0772127935249289,0.400600906297344,0.34811179594117,0.172976769439581
"Wycombe","C",0.112562024164122,0.59835558905991,0.201097007889891,0.0868876440891002
"Wyre & Preston North","C",0.0785418230449659,0.615968778476109,0.223891338409432,0.0805003252725178
"Wyre Forest","C",0.0490236882170167,0.537224019546368,0.168437780659925,0.244216776779714
"Wythenshawe & Sale East","Lab",0.0687270256054755,0.341395971116455,0.477242004778878,0.111537263702215
"Yeovil","C",0.355539899545191,0.5089455626456,0.0470094081313124,0.0874073948809205
"Ynys Mon","OTHER",0.0456881060235413,0.295947060327737,0.287078555274103,0.370188543577643
"York Central","OTHER",0.10397239985825,0.367342447094799,-0.0241795332559323,0.551766951505907
"York Outer","C",0.140487005069229,0.575468095549607,0.22345046878477,0.0594966957994179
"Yorkshire East","C",0.0835161800370653,0.589881955094508,0.182717708247538,0.142786421823913
"","OTHER",0.0241855005147513,0.0842709451127108,-0.0241795332559323,0.914625352831494
"","OTHER",NA,NA,NA,0.914625352831494
